{
  "文档结构": {
    "更新日志.md": {
      "大小": 38,
      "修改时间": 1753322332.9771109
    },
    "打赏.md": {
      "大小": 65,
      "修改时间": 1753322332.9772398
    },
    "index.md": {
      "大小": 979,
      "修改时间": 1753321590.8846743
    },
    "hello.md": {
      "大小": 71,
      "修改时间": 1753321107.8628461
    },
    "安装.md": {
      "大小": 2220,
      "修改时间": 1753322149.4386392
    },
    "guide/index.md": {
      "大小": 3301,
      "修改时间": 1753321107.8624842
    },
    "settings/快速打开子目录文件夹.md": {
      "大小": 529,
      "修改时间": 1753322077.2088826
    },
    "settings/riverpod.md": {
      "大小": 470,
      "修改时间": 1753322332.9777834
    },
    "settings/内联资产显示.md": {
      "大小": 410,
      "修改时间": 1753322077.2105737
    },
    "settings/Links.md": {
      "大小": 206,
      "修改时间": 1753322332.977944
    },
    "dart-file/资产图片预览功能.md": {
      "大小": 164,
      "修改时间": 1753322077.2117288
    },
    "dart-file/资产字符串快速打开文件.md": {
      "大小": 146,
      "修改时间": 1753322332.978126
    },
    "dart-file/参数类型内联显示.md": {
      "大小": 559,
      "修改时间": 1753322332.9782317
    },
    "dart-file/Project-Library-scan.md": {
      "大小": 354,
      "修改时间": 1753322077.213744
    },
    "dart-file/资产文件路径检查功能.md": {
      "大小": 238,
      "修改时间": 1753322077.2142346
    },
    "pubspec/不再更新的三方包检测.md": {
      "大小": 290,
      "修改时间": 1753322332.9784317
    },
    "pubspec/第三方包工具.md": {
      "大小": 1146,
      "修改时间": 1753322332.9785416
    },
    "other/flutter新版本检测.md": {
      "大小": 759,
      "修改时间": 1753322332.9786837
    },
    "other/l10n-editor.md": {
      "大小": 724,
      "修改时间": 1753322077.2185478
    },
    "other/Log.md": {
      "大小": 1785,
      "修改时间": 1753322332.9788573
    },
    "other/ios-17-隐私扫描工具.md": {
      "大小": 891,
      "修改时间": 1753322332.978961
    },
    "other/flutter3-29-0安卓迁移gradle工具.md": {
      "大小": 291,
      "修改时间": 1753322077.221331
    },
    "riverpod/Riverpod-Widget-Tool.md": {
      "大小": 648,
      "修改时间": 1753322332.9795852
    },
    "dio/Starter.md": {
      "大小": 4083,
      "修改时间": 1753322332.9797795
    },
    "dio/接口信息截图.md": {
      "大小": 460,
      "修改时间": 1753322332.9798753
    },
    "shared_p/Shared_preferences.md": {
      "大小": 556,
      "修改时间": 1753321732.7239401
    },
    "hive/Hive缓存工具.md": {
      "大小": 1858,
      "修改时间": 1753322332.9801044
    },
    "assets/资产预览.md": {
      "大小": 243,
      "修改时间": 1753322332.9802303
    },
    "assets/资产生成类调用.md": {
      "大小": 334,
      "修改时间": 1753322332.9803264
    },
    "assets/资产预览窗口.md": {
      "大小": 519,
      "修改时间": 1753322077.2315624
    },
    "freezed/Json-to-Freezed.md": {
      "大小": 271,
      "修改时间": 1753322332.9804955
    },
    "freezed/generate.md": {
      "大小": 419,
      "修改时间": 1753322332.9805963
    },
    "freezed/freezed-3-x版本迁移工具.md": {
      "大小": 529,
      "修改时间": 1753322332.9806907
    },
    "freezed/Freezed-Class-Tool-Menu.md": {
      "大小": 112,
      "修改时间": 1753321590.8766367
    }
  },
  "统计信息": {
    "总文档数": 34,
    "总图片数": 91,
    "总视频数": 0,
    "总GIF数": 5
  }
}